{"西藏自治区":"1","澳门特别行政区":"10","青海省":"18","台湾省":"18","香港特别行政区":"56","贵州省":"143","吉林省":"88","新疆维吾尔自治区":"70","宁夏回族自治区":"70","内蒙古自治区":"68","甘肃省":"90","天津市":"121","山西省":"127","辽宁省":"119","黑龙江省":"425","海南省":"162","河北省":"291","陕西省":"232","云南省":"168","广西壮族自治区":"235","福建省":"285","上海市":"326","北京市":"375","江苏省":"604","四川省":"470","山东省":"530","江西省":"913","重庆市":"537","安徽省":"950","湖南省":"1001","河南省":"1212","广东省":"1294","浙江省":"1162","湖北省":"54406"}